text,label
"Robin finally found a family after Enies Lobby, which resolved her lifelong isolation.",Analysis
Luffy learned the consequences of his actions after Sabaody and Marineford.,Analysis
Usopp's conflict in Water 7 shows his attachment to the Going Merry.,Analysis
"Kaido lacked personal stakes in Wano, making him a weaker villain.",Analysis
The raid in Wano suffered from pacing issues and too many characters.,Analysis
Nami changed significantly from the beginning of the story through Arlong Park.,Analysis
Fishman Island demonstrates the cycle of hatred through Hody Jones.,Analysis
The Arrow-Arrow Fruit is interesting because its attacks follow directional rules.,Analysis
"The anime stretched several scenes, which hurt the pacing of the episode.",Analysis
Whole Cake Island is necessary to get a real understanding of Sanji because it explores his character beyond the exaggerated anime gags.,Analysis
"The anime production exaggerates Sanji's pervy behavior, which changes how viewers perceive his character compared to the manga.",Analysis
Fishman Island represents Sanji at his worst because the nosebleed gag repeatedly interrupts his role in the story.,Analysis
Sanji's popularity comes from the fact that his positive qualities outweigh the flaws that people focus on.,Analysis
The anime focuses heavily on Sanji's gags while reducing emphasis on his more serious character moments.,Analysis
Wano felt bloated because there were too many characters and subplots competing for attention.,Analysis
The anime pacing suffered because adapting roughly one chapter per episode stretched scenes unnecessarily.,Analysis
Kaido was an underwhelming villain because he received significant buildup without enough narrative depth.,Analysis
The ending of Wano felt rushed because several storylines were resolved quickly while others were left unexplored.,Analysis
Wano contains some of the highest highs in the series but is held back by excessive length and unnecessary detours.,Analysis
The Udon prison section weakened the second act because it dragged on longer than necessary.,Analysis
The Oden flashback is one of the strongest parts of Wano because it provides emotional context and historical significance.,Analysis
The introduction of Gear 5 provided a major payoff but also created controversy because of its connection to Luffy's fruit.,Analysis
The large cast in Wano reduced the amount of development individual Straw Hats received.,Analysis
Many readers criticize Wano because its long setup did not provide enough payoff for several major mysteries.,Analysis
Luffy's ability to sense emotions appears to be a specialized form of Observation Haki rather than a Devil Fruit ability.,Analysis
Fujitora's ability to sense emotions supports the idea that Observation Haki manifests differently for different users.,Analysis
"The manga never states that Rayleigh concealed his presence, suggesting the anime scene may be filler.",Analysis
Luffy consistently demonstrates emotional intelligence by understanding what people truly want despite what they say.,Analysis
The Voice of All Things may explain why certain characters can sense emotions and intentions beyond normal Observation Haki.,Analysis
The Nika fruit reveal changed Luffy from a self-made hero into a chosen one figure.,Analysis
Luffy being Dragon's son and Garp's grandson was acceptable because it fit the inherited will theme.,Analysis
The biggest criticism of Gear 5 is not the powers themselves but the revelation that Luffy's fruit was secretly a god fruit.,Analysis
Wano damaged the perception of Luffy for some readers because it reinforced the chosen one narrative.,Analysis
Luffy worked better as a protagonist when his success seemed tied to effort and personality rather than destiny.,Analysis
The rubber fruit concept was more creative because it forced Luffy to find inventive ways to fight.,Analysis
The World Government's behavior around the Nika fruit creates plot consistency issues.,Analysis
Luffy's emotional intelligence is one of his defining character traits.,Analysis
Luffy is compelling because he is simple without being shallow.,Analysis
Luffy's definition of the Pirate King revolves around freedom rather than power or status.,Analysis
Luffy consistently understands what people truly need even when they cannot express it themselves.,Analysis
Luffy functions as an active protagonist because he drives events through his own decisions.,Analysis
The Straw Hats follow Luffy because he provides them with purpose and freedom.,Analysis
Luffy's unpredictability makes him more engaging than a typical heroic protagonist.,Analysis
The events of Marineford forced Luffy to mature after experiencing true loss.,Analysis
Usopp's cowardice is not a flaw in his writing because bravery requires fear.,Analysis
Usopp's dream of becoming a brave warrior means his development must occur gradually throughout the story.,Analysis
Usopp running away in Dressrosa was intended to show that he still has room to grow.,Analysis
Usopp's growth is shown through his willingness to return and fight despite being afraid.,Analysis
Sogeking represents Usopp's self-doubt while his real growth comes from accepting his own identity.,Analysis
Usopp unlocking Observation Haki can be viewed as a result of gaining confidence in himself.,Analysis
Fear remains a core part of Usopp's personality even as he becomes braver.,Analysis
The Tontatta incident was designed to create tension and frustration before Usopp's eventual triumph.,Analysis
Usopp is one of the most realistic Straw Hats because his development includes setbacks and regression.,Analysis
The contrast between Usopp's fear and his willingness to act anyway is what defines his bravery.,Analysis
Moria serves as a dark reflection of what Luffy could have become after losing his crew.,Analysis
Moria's reliance on zombies represents his inability to trust others after experiencing loss.,Analysis
Sanji's conflict between his family's enhancements and his personal values is one of the longest character arcs in the series.,Analysis
Whole Cake Island elevated Sanji's writing by forcing him to confront his family trauma.,Analysis
Doflamingo is compelling because his fall from privilege shaped his worldview.,Analysis
Law's popularity stems from the depth provided by his backstory and relationship with Corazon.,Analysis
Robin's Enies Lobby storyline centers on learning to accept that she deserves to live.,Analysis
Pre-timeskip Usopp was one of the strongest examples of gradual character growth in the series.,Analysis
Vivi's role in Alabasta demonstrates the burden of leadership during a national crisis.,Analysis
Blackbeard stands out because his ambitions directly mirror Luffy's while his methods oppose them.,Analysis
Vegapunk's actions undermine the narrative claim that he is the smartest person in the world.,Analysis
Egghead relies heavily on coincidence to make Vegapunk's plan succeed.,Analysis
York's betrayal reflects the flaws that already existed within Vegapunk himself.,Analysis
Separating Vegapunk's greed into York weakens accountability for his moral compromises.,Analysis
Vegapunk's willingness to work with the World Government complicates his portrayal as a heroic figure.,Analysis
The satellite system functions as an exploration of different aspects of Vegapunk's personality.,Analysis
Vegapunk demonstrates the difference between intelligence and wisdom.,Analysis
The success of Vegapunk's broadcast depended on factors he could not reasonably predict.,Analysis
Egghead raises questions about whether technological genius necessarily translates into good decision making.,Analysis
The portrayal of Vegapunk creates tension between what the story tells readers and what his actions actually show.,Analysis
Fishman Island is the worst arc.,Opinion
Dressrosa is overrated.,Opinion
Blackbeard has not shown enough feats to be ranked above the original admirals.,Opinion
Thriller Bark is my least favorite arc.,Opinion
Zoro is the best Straw Hat.,Opinion
Marineford is the greatest arc in One Piece.,Opinion
Shanks is the coolest character in the series.,Opinion
I think Wano gets too much hate.,Opinion
Power scaling discussions are the most fun part of the fandom.,Opinion
One Piece has great character development.,Opinion
Long Ring Long Land is underrated.,Opinion
Water 7 and Enies Lobby are my favorite arcs in the entire series.,Opinion
Robin screaming that she wants to live is peak One Piece.,Opinion
Marineford is my favorite arc because of the chaos and scale.,Opinion
Impel Down is the best arc because of Bon Clay and the returning villains.,Opinion
Water 7 is the peak of One Piece storytelling.,Opinion
Jaya is my favorite individual arc in the series.,Opinion
Whitebeard is one of the coolest characters in One Piece.,Opinion
Skypiea is one of the most underrated arcs in the story.,Opinion
Dressrosa is my favorite arc because of Doflamingo and Law's backstory.,Opinion
Whole Cake Island has the best Sanji moments in the series.,Opinion
Egghead is currently my favorite arc because of the reveals and pacing.,Opinion
Thriller Bark is one of my favorite arcs because of its comedy.,Opinion
Bon Clay is one of the greatest side characters in One Piece.,Opinion
Doflamingo is the best villain in One Piece.,Opinion
Crocodile is still one of the coolest villains in the series.,Opinion
Enel would be the best villain if he returned to the story.,Opinion
Batman is one of the most overrated characters in fiction.,Opinion
Kratos is the most overrated character in powerscaling discussions.,Opinion
Goku is overrated because people think he can beat everyone.,Opinion
Superman is overrated in versus debates.,Opinion
I prefer Robin and Franky as a couple over other Straw Hat ships.,Opinion
Luffy and Nami have no romantic chemistry.,Opinion
Sanji and Pudding are the best One Piece pairing.,Opinion
Zoro and Hiyori make more sense than Zoro and Tashigi.,Opinion
Usopp and Kaya are the most likely couple to become canon.,Opinion
Doflamingo is the best written character in One Piece.,Opinion
Law is one of the best written characters in the series.,Opinion
Sanji is one of the top three best written characters in One Piece.,Opinion
Blackbeard deserves to be mentioned among the best written characters.,Opinion
Kizaru is one of the most interesting characters in the story.,Opinion
Newgate is still one of the best written characters despite recent criticism.,Opinion
Kuzan is a stronger character than most fans give him credit for.,Opinion
Moria is one of the most underrated villains in One Piece.,Opinion
Vivi is one of the most well written characters in the series.,Opinion
Rocks is one of the best characters introduced in recent years.,Opinion
Garp belongs in any discussion about the best written characters.,Opinion
Fisher Tiger is one of the most compelling characters in One Piece.,Opinion
Writing from Dressrosa through Whole Cake Island was peak One Piece.,Opinion
Kuma is essential to any list of the best written characters.,Opinion
Doflamingo and Law have some of the strongest character writing in the series.,Opinion
Buggy became a much more interesting character after declaring his dream of becoming Pirate King.,Opinion
Pre-timeskip Usopp was one of the best written Straw Hats.,Opinion
Law is the best written character in One Piece.,Opinion
Robin is a better written character than Law.,Opinion
Law is one of the few consistently well written characters left in the series.,Opinion
Law is not even the best written character in his own arc.,Opinion
Law is not a top twenty character in terms of writing.,Opinion
Whole Cake Island is a better arc than Wano.,Opinion
Oden is a bad character.,Opinion
Smoker is one of the most underrated characters in One Piece.,Opinion
One Piece is not particularly strong when it comes to individual character writing.,Opinion
Kaido is a better character than many fans claim.,Opinion
Vegapunk is one of the worst written characters in One Piece.,Opinion
Egghead is one of the sloppiest arcs in the series.,Opinion
Vegapunk's portrayal as the world's smartest man is unconvincing.,Opinion
I like Vegapunk as a character even though he makes questionable decisions.,Opinion
The Straw Hats should have treated Vegapunk more like Caesar.,Opinion
Vegapunk is a technological genius but a complete idiot when it comes to common sense.,Opinion
Egghead relies too heavily on coincidences.,Opinion
The satellite concept made Vegapunk less interesting rather than more interesting.,Opinion
One Piece has relied on too many asspulls since the timeskip.,Opinion
Vegapunk would have been more interesting as a morally gray character.,Opinion
Loki is quickly becoming my favorite.,Opinion
Shamrock's voice actor is perfect!,Reaction
I can't believe Shamrock is related to Shanks!,Reaction
Gunko's powers looked so cool in the anime.,Reaction
"Wow, Oda really cooked with gear 5 reveal.",Reaction
That pacing was unbearable.,Reaction
I loved seeing Loki get animated.,Reaction
"Holy crap, this is getting juicy!",Reaction
That chapter blew my mind.,Reaction
I can't wait for next week's episode.,Reaction
That panel with Loki stretching his arms to no one holding them got me emotional.,Reaction
Backstory is officially tragic enough to join the crew already.,Reaction
I had tears in my eyes from the moment Estrid hated him.,Reaction
I haven't even seen the panel yet and the quote alone has me sobbing.,Reaction
I was holding my son while reading this and sobbing.,Reaction
This chapter gave me whiplash three times.,Reaction
Actual good memes on my agenda subreddit?,Reaction
"This was great, keep doing it.",Reaction
One shots both of them in one swing then claims the One Piece.,Reaction
He is gonna imitate Dragon and pretend he didn't see it.,Reaction
Hopefully he destroys Mihawk with pure Haki so the glazers will be quiet.,Reaction
Wifi haki diffs Mihawk and Croc.,Reaction
The slander piece is real.,Reaction
"Brook with the clean fade, got damn.",Reaction
"Gear 5 is peak, dreams never end.",Reaction
Toon force is greater than another rainbow hair transformation.,Reaction
Goofy power up looks very cool.,Reaction
It was only a matter of time.,Reaction
"Damn, I completely forgot how much I liked Moria.",Reaction
"Wow, I never thought about Moria that way before.",Reaction
Seeing Doflamingo this high on the list makes me happy.,Reaction
"Honestly, that's a crazy take.",Reaction
I can't believe someone ranked Vegapunk that low.,Reaction
That Vegapunk criticism is brutal.,Reaction
"Lol, Vegapunk really does look worse the more you think about it.",Reaction
This thread is making me appreciate Kuma even more.,Reaction
Reading that analysis gave me chills.,Reaction
"Man, I miss pre-timeskip Usopp.",Reaction
That's actually hilarious.,Reaction
I never noticed that until now.,Reaction
"Wow, that's a really depressing way to look at Moria.",Reaction
That argument completely changed how I see the character.,Reaction
"Not gonna lie, that made me sad.",Reaction
I can't stop laughing at that comparison.,Reaction
That might be the wildest One Piece take I've ever seen.,Reaction
This makes me want to reread the arc.,Reaction
"Ouch, Vegapunk got absolutely cooked here.",Reaction
That explanation actually makes a lot of sense.,Reaction
"Bro, that's heartbreaking.",Reaction
I wasn't expecting that conclusion at all.,Reaction
That's such a cool interpretation.,Reaction
This discussion is way better than I expected.,Reaction
"Damn, now I'm emotional thinking about Kuma again.",Reaction
I had tears in my eyes from the moment he was conceived until the end of the chapter.,Reaction
