text,label,notes
"Robin finally found a family after Enies Lobby, which resolved her lifelong isolation.",Analysis,Character development reasoning
"Luffy learned the consequences of his actions after Sabaody and Marineford.",Analysis,Character growth explanation
"Usopp's conflict in Water 7 shows his attachment to the Going Merry.",Analysis,Story analysis
"Kaido lacked personal stakes in Wano, making him a weaker villain.",Analysis,Narrative critique
"The raid in Wano suffered from pacing issues and too many characters.",Analysis,Arc analysis
"Nami changed significantly from the beginning of the story through Arlong Park.",Analysis,Character development discussion
"Fishman Island demonstrates the cycle of hatred through Hody Jones.",Analysis,Theme analysis
"The Arrow-Arrow Fruit is interesting because its attacks follow directional rules.",Analysis,Ability analysis
"The anime stretched several scenes, which hurt the pacing of the episode.",Analysis,Evidence-based critique
"Whole Cake Island is necessary to get a real understanding of Sanji because it explores his character beyond the exaggerated anime gags.",Analysis,Character analysis
"The anime production exaggerates Sanji's pervy behavior, which changes how viewers perceive his character compared to the manga.",Analysis,Character critique
"Fishman Island represents Sanji at his worst because the nosebleed gag repeatedly interrupts his role in the story.",Analysis,Story analysis
"Sanji's popularity comes from the fact that his positive qualities outweigh the flaws that people focus on.",Analysis,Character evaluation
"The anime focuses heavily on Sanji's gags while reducing emphasis on his more serious character moments.",Analysis,Adaptation analysis
"Wano felt bloated because there were too many characters and subplots competing for attention.",Analysis,Arc critique
"The anime pacing suffered because adapting roughly one chapter per episode stretched scenes unnecessarily.",Analysis,Pacing analysis
"Kaido was an underwhelming villain because he received significant buildup without enough narrative depth.",Analysis,Character analysis
"The ending of Wano felt rushed because several storylines were resolved quickly while others were left unexplored.",Analysis,Story structure analysis
"Wano contains some of the highest highs in the series but is held back by excessive length and unnecessary detours.",Analysis,Arc evaluation
"The Udon prison section weakened the second act because it dragged on longer than necessary.",Analysis,Arc critique
"The Oden flashback is one of the strongest parts of Wano because it provides emotional context and historical significance.",Analysis,Narrative analysis
"The introduction of Gear 5 provided a major payoff but also created controversy because of its connection to Luffy's fruit.",Analysis,Plot analysis
"The large cast in Wano reduced the amount of development individual Straw Hats received.",Analysis,Character utilization analysis
"Many readers criticize Wano because its long setup did not provide enough payoff for several major mysteries.",Analysis,Story payoff analysis
"Luffy's ability to sense emotions appears to be a specialized form of Observation Haki rather than a Devil Fruit ability.",Analysis,Theory analysis
"Fujitora's ability to sense emotions supports the idea that Observation Haki manifests differently for different users.",Analysis,Evidence-based theory
"The manga never states that Rayleigh concealed his presence, suggesting the anime scene may be filler.",Analysis,Source comparison
"Luffy consistently demonstrates emotional intelligence by understanding what people truly want despite what they say.",Analysis,Character analysis
"The Voice of All Things may explain why certain characters can sense emotions and intentions beyond normal Observation Haki.",Analysis,Lore analysis
"The Nika fruit reveal changed Luffy from a self-made hero into a chosen one figure.",Analysis,Character critique
"Luffy being Dragon's son and Garp's grandson was acceptable because it fit the inherited will theme.",Analysis,Narrative analysis
"The biggest criticism of Gear 5 is not the powers themselves but the revelation that Luffy's fruit was secretly a god fruit.",Analysis,Plot analysis
"Wano damaged the perception of Luffy for some readers because it reinforced the chosen one narrative.",Analysis,Character analysis
"Luffy worked better as a protagonist when his success seemed tied to effort and personality rather than destiny.",Analysis,Character critique
"The rubber fruit concept was more creative because it forced Luffy to find inventive ways to fight.",Analysis,Ability analysis
"The World Government's behavior around the Nika fruit creates plot consistency issues.",Analysis,Story critique
"Luffy's emotional intelligence is one of his defining character traits.",Analysis,Character analysis
"Luffy is compelling because he is simple without being shallow.",Analysis,Character evaluation
"Luffy's definition of the Pirate King revolves around freedom rather than power or status.",Analysis,Theme analysis
"Luffy consistently understands what people truly need even when they cannot express it themselves.",Analysis,Character analysis
"Luffy functions as an active protagonist because he drives events through his own decisions.",Analysis,Story structure analysis
"The Straw Hats follow Luffy because he provides them with purpose and freedom.",Analysis,Character dynamics
"Luffy's unpredictability makes him more engaging than a typical heroic protagonist.",Analysis,Character evaluation
"The events of Marineford forced Luffy to mature after experiencing true loss.",Analysis,Character development analysis
"Usopp's cowardice is not a flaw in his writing because bravery requires fear.",Analysis,Character analysis
"Usopp's dream of becoming a brave warrior means his development must occur gradually throughout the story.",Analysis,Character development discussion
"Usopp running away in Dressrosa was intended to show that he still has room to grow.",Analysis,Narrative analysis
"Usopp's growth is shown through his willingness to return and fight despite being afraid.",Analysis,Character development analysis
"Sogeking represents Usopp's self-doubt while his real growth comes from accepting his own identity.",Analysis,Character interpretation
"Usopp unlocking Observation Haki can be viewed as a result of gaining confidence in himself.",Analysis,Theory analysis
"Fear remains a core part of Usopp's personality even as he becomes braver.",Analysis,Character analysis
"The Tontatta incident was designed to create tension and frustration before Usopp's eventual triumph.",Analysis,Story structure analysis
"Usopp is one of the most realistic Straw Hats because his development includes setbacks and regression.",Analysis,Character critique
"The contrast between Usopp's fear and his willingness to act anyway is what defines his bravery.",Analysis,Character analysis
"Moria serves as a dark reflection of what Luffy could have become after losing his crew.",Analysis,Character parallel analysis
"Moria's reliance on zombies represents his inability to trust others after experiencing loss.",Analysis,Character interpretation
"Sanji's conflict between his family's enhancements and his personal values is one of the longest character arcs in the series.",Analysis,Character development discussion
"Whole Cake Island elevated Sanji's writing by forcing him to confront his family trauma.",Analysis,Character analysis
"Doflamingo is compelling because his fall from privilege shaped his worldview.",Analysis,Villain analysis
"Law's popularity stems from the depth provided by his backstory and relationship with Corazon.",Analysis,Character analysis
"Robin's Enies Lobby storyline centers on learning to accept that she deserves to live.",Analysis,Character development discussion
"Pre-timeskip Usopp was one of the strongest examples of gradual character growth in the series.",Analysis,Character analysis
"Vivi's role in Alabasta demonstrates the burden of leadership during a national crisis.",Analysis,Character analysis
"Blackbeard stands out because his ambitions directly mirror Luffy's while his methods oppose them.",Analysis,Character parallel analysis
"Vegapunk's actions undermine the narrative claim that he is the smartest person in the world.",Analysis,Character critique
"Egghead relies heavily on coincidence to make Vegapunk's plan succeed.",Analysis,Plot analysis
"York's betrayal reflects the flaws that already existed within Vegapunk himself.",Analysis,Character interpretation
"Separating Vegapunk's greed into York weakens accountability for his moral compromises.",Analysis,Character critique
"Vegapunk's willingness to work with the World Government complicates his portrayal as a heroic figure.",Analysis,Character analysis
"The satellite system functions as an exploration of different aspects of Vegapunk's personality.",Analysis,Character interpretation
"Vegapunk demonstrates the difference between intelligence and wisdom.",Analysis,Character analysis
"The success of Vegapunk's broadcast depended on factors he could not reasonably predict.",Analysis,Plot critique
"Egghead raises questions about whether technological genius necessarily translates into good decision making.",Analysis,Theme analysis
"The portrayal of Vegapunk creates tension between what the story tells readers and what his actions actually show.",Analysis,Narrative critique
"Fishman Island is the worst arc.",Opinion,Arc ranking
"Dressrosa is overrated.",Opinion,Personal judgment
"Blackbeard has not shown enough feats to be ranked above the original admirals.",Opinion,Powerscaling argument
"Thriller Bark is my least favorite arc.",Opinion,Preference
"Zoro is the best Straw Hat.",Opinion,Character preference
"Marineford is the greatest arc in One Piece.",Opinion,Personal ranking
"Shanks is the coolest character in the series.",Opinion,Subjective preference
"I think Wano gets too much hate.",Opinion,Personal judgment
"Power scaling discussions are the most fun part of the fandom.",Opinion,Preference
"One Piece has great character development.",Opinion,General opinion
"Long Ring Long Land is underrated.",Opinion,Subjective claim
"Water 7 and Enies Lobby are my favorite arcs in the entire series.",Opinion,Favorite arc
"Robin screaming that she wants to live is peak One Piece.",Opinion,Favorite moment
"Marineford is my favorite arc because of the chaos and scale.",Opinion,Arc preference
"Impel Down is the best arc because of Bon Clay and the returning villains.",Opinion,Favorite arc
"Water 7 is the peak of One Piece storytelling.",Opinion,Arc ranking
"Jaya is my favorite individual arc in the series.",Opinion,Arc preference
"Whitebeard is one of the coolest characters in One Piece.",Opinion,Character preference
"Skypiea is one of the most underrated arcs in the story.",Opinion,Arc opinion
"Dressrosa is my favorite arc because of Doflamingo and Law's backstory.",Opinion,Arc preference
"Whole Cake Island has the best Sanji moments in the series.",Opinion,Character opinion
"Egghead is currently my favorite arc because of the reveals and pacing.",Opinion,Arc preference
"Thriller Bark is one of my favorite arcs because of its comedy.",Opinion,Arc preference
"Bon Clay is one of the greatest side characters in One Piece.",Opinion,Character ranking
"Doflamingo is the best villain in One Piece.",Opinion,Villain ranking
"Crocodile is still one of the coolest villains in the series.",Opinion,Villain preference
"Enel would be the best villain if he returned to the story.",Opinion,Villain opinion
"Batman is one of the most overrated characters in fiction.",Opinion,Character criticism
"Kratos is the most overrated character in powerscaling discussions.",Opinion,Powerscaling opinion
"Goku is overrated because people think he can beat everyone.",Opinion,Character criticism
"Superman is overrated in versus debates.",Opinion,Powerscaling opinion
"I prefer Robin and Franky as a couple over other Straw Hat ships.",Opinion,Shipping preference
"Luffy and Nami have no romantic chemistry.",Opinion,Shipping opinion
"Sanji and Pudding are the best One Piece pairing.",Opinion,Shipping preference
"Zoro and Hiyori make more sense than Zoro and Tashigi.",Opinion,Shipping opinion
"Usopp and Kaya are the most likely couple to become canon.",Opinion,Shipping prediction
"Doflamingo is the best written character in One Piece.",Opinion,Character ranking
"Law is one of the best written characters in the series.",Opinion,Character ranking
"Sanji is one of the top three best written characters in One Piece.",Opinion,Character ranking
"Blackbeard deserves to be mentioned among the best written characters.",Opinion,Character preference
"Kizaru is one of the most interesting characters in the story.",Opinion,Character preference
"Newgate is still one of the best written characters despite recent criticism.",Opinion,Character opinion
"Kuzan is a stronger character than most fans give him credit for.",Opinion,Character preference
"Moria is one of the most underrated villains in One Piece.",Opinion,Villain opinion
"Vivi is one of the most well written characters in the series.",Opinion,Character ranking
"Rocks is one of the best characters introduced in recent years.",Opinion,Character preference
"Garp belongs in any discussion about the best written characters.",Opinion,Character ranking
"Fisher Tiger is one of the most compelling characters in One Piece.",Opinion,Character preference
"Writing from Dressrosa through Whole Cake Island was peak One Piece.",Opinion,Arc opinion
"Kuma is essential to any list of the best written characters.",Opinion,Character ranking
"Doflamingo and Law have some of the strongest character writing in the series.",Opinion,Character opinion
"Buggy became a much more interesting character after declaring his dream of becoming Pirate King.",Opinion,Character opinion
"Pre-timeskip Usopp was one of the best written Straw Hats.",Opinion,Character preference
"Law is the best written character in One Piece.",Opinion,Character ranking
"Robin is a better written character than Law.",Opinion,Character ranking
"Law is one of the few consistently well written characters left in the series.",Opinion,Character evaluation
"Law is not even the best written character in his own arc.",Opinion,Character criticism
"Law is not a top twenty character in terms of writing.",Opinion,Character ranking
"Whole Cake Island is a better arc than Wano.",Opinion,Arc preference
"Oden is a bad character.",Opinion,Character criticism
"Smoker is one of the most underrated characters in One Piece.",Opinion,Character opinion
"One Piece is not particularly strong when it comes to individual character writing.",Opinion,Series criticism
"Kaido is a better character than many fans claim.",Opinion,Character opinion
"Vegapunk is one of the worst written characters in One Piece.",Opinion,Character criticism
"Egghead is one of the sloppiest arcs in the series.",Opinion,Arc criticism
"Vegapunk's portrayal as the world's smartest man is unconvincing.",Opinion,Character criticism
"I like Vegapunk as a character even though he makes questionable decisions.",Opinion,Character preference
"The Straw Hats should have treated Vegapunk more like Caesar.",Opinion,Story opinion
"Vegapunk is a technological genius but a complete idiot when it comes to common sense.",Opinion,Character opinion
"Egghead relies too heavily on coincidences.",Opinion,Arc criticism
"The satellite concept made Vegapunk less interesting rather than more interesting.",Opinion,Character criticism
"One Piece has relied on too many asspulls since the timeskip.",Opinion,Series criticism
"Vegapunk would have been more interesting as a morally gray character.",Opinion,Character opinion
"Loki is quickly becoming my favorite.",Opinion,Excited reaction
"Shamrock's voice actor is perfect!",Reaction,Excitement
"I can't believe Shamrock is related to Shanks!",Reaction,Surprise
"Gunko's powers looked so cool in the anime.",Reaction,Immediate response
"Wow, Oda really cooked with gear 5 reveal.",Reaction,Excitement
"That pacing was unbearable.",Reaction,Frustration
"I loved seeing Loki get animated.",Reaction,Positive emotional response
"Holy crap, this is getting juicy!",Reaction,Hype
"That chapter blew my mind.",Reaction,Shock
"I can't wait for next week's episode.",Reaction,Anticipation
"That panel with Loki stretching his arms to no one holding them got me emotional.",Reaction,Emotional response
"Backstory is officially tragic enough to join the crew already.",Reaction,Emotional reaction
"I had tears in my eyes from the moment Estrid hated him.",Reaction,Sad reaction
"I haven't even seen the panel yet and the quote alone has me sobbing.",Reaction,Emotional response
"I was holding my son while reading this and sobbing.",Reaction,Personal emotional reaction
"This chapter gave me whiplash three times.",Reaction,Shock reaction
"Actual good memes on my agenda subreddit?",Reaction,Surprised reaction
"This was great, keep doing it.",Reaction,Positive feedback
"One shots both of them in one swing then claims the One Piece.",Reaction,Hype joke reaction
"He is gonna imitate Dragon and pretend he didn't see it.",Reaction,Humorous reaction
"Hopefully he destroys Mihawk with pure Haki so the glazers will be quiet.",Reaction,Hype reaction
"Wifi haki diffs Mihawk and Croc.",Reaction,Powerscaling joke reaction
"The slander piece is real.",Reaction,Meme reaction
"Brook with the clean fade, got damn.",Reaction,Surprised reaction
"Gear 5 is peak, dreams never end.",Reaction,Hype reaction
"Toon force is greater than another rainbow hair transformation.",Reaction,Hype reaction
"Goofy power up looks very cool.",Reaction,Positive reaction
"It was only a matter of time.",Reaction,Expectation reaction
"Damn, I completely forgot how much I liked Moria.",Reaction,Positive reaction
"Wow, I never thought about Moria that way before.",Reaction,Surprised reaction
"Seeing Doflamingo this high on the list makes me happy.",Reaction,Positive emotional response
"Honestly, that's a crazy take.",Reaction,Surprised reaction
"I can't believe someone ranked Vegapunk that low.",Reaction,Shock reaction
"That Vegapunk criticism is brutal.",Reaction,Immediate response
"Lol, Vegapunk really does look worse the more you think about it.",Reaction,Humorous reaction
"This thread is making me appreciate Kuma even more.",Reaction,Positive reaction
"Reading that analysis gave me chills.",Reaction,Emotional response
"Man, I miss pre-timeskip Usopp.",Reaction,Nostalgic reaction
"That's actually hilarious.",Reaction,Humorous reaction
"I never noticed that until now.",Reaction,Surprised reaction
"Wow, that's a really depressing way to look at Moria.",Reaction,Emotional reaction
"That argument completely changed how I see the character.",Reaction,Reaction to analysis
"Not gonna lie, that made me sad.",Reaction,Emotional response
"I can't stop laughing at that comparison.",Reaction,Laughter reaction
"That might be the wildest One Piece take I've ever seen.",Reaction,Shock reaction
"This makes me want to reread the arc.",Reaction,Positive reaction
"Ouch, Vegapunk got absolutely cooked here.",Reaction,Humorous reaction
"That explanation actually makes a lot of sense.",Reaction,Immediate response
"Bro, that's heartbreaking.",Reaction,Emotional reaction
"I wasn't expecting that conclusion at all.",Reaction,Surprised reaction
"That's such a cool interpretation.",Reaction,Positive reaction
"This discussion is way better than I expected.",Reaction,Positive feedback
"Damn, now I'm emotional thinking about Kuma again.",Reaction,Emotional response
"I had tears in my eyes from the moment he was conceived until the end of the chapter.",Reaction,Emotional reaction